,,,
Glitter Strapless Mini Dress,Clothing,$28.00,https://media-photos.depop.com/b1/362095596/2819312465_ba53824d7c6846669653f4bc2e9fb8c2/P8.jpg
"NORITAKE China, Made In Japan, Candice",Home & Garden,$30,https://images.offerup.com/clDRtzcpKILCN_tOSY-zjd3y2x8=/250x250/bec7/bec78ff9bcf64fe6920440bae8c6cec7.jpg
AirPods Pro 2nd Generation,Electronics,$100,https://images.offerup.com/CldfSHjpmlF0tqGgVJbst5LfU24=/250x250/69f5/69f5d80d7c274dd2989b14d7557efcd2.jpg
"Nimei Brand China, Gravy Boat",Home & Garden,$19,https://images.offerup.com/qno6lXY7-1qesyQ9Ne8__o1RQb4=/250x250/5883/58835d87850f4fc28ef0af688bad3567.jpg
Custom Black Cream Heavily,Clothing,$29.05,https://media-photos.depop.com/b1/16755577/2823765184_65485b099e374b6fb0c2aab8bd1a4bc7/P8.jpg
Vintage Earthenware Bowl from France,Home & Garden,$40,https://images.offerup.com/-gx2iOEErvvs3F7uTTngd6PEb7w=/250x250/1201/1201b14979564b8dbdc4c2ccea65aa88.jpg
Wireless Earbuds,Electronics,$20,https://images.offerup.com/RO1tfYzCBvRp960VRIn_bWaZEas=/250x250/54af/54af3c94f03c4a67bef5b3fe2d995a8f.jpg
Pink and Black PacSun Leopard Top,Clothing,$11.20,https://media-photos.depop.com/b1/18624129/2881477933_2316452a2ffa4f12abcf1a69c932759a/P8.jpg
Antique French Terre de Fer plates,Home & Garden,$80,https://images.offerup.com/5qAiRDJ7EQh6VpkcgW3lVgnX4wM=/250x250/05bc/05bcc84f1dba44c9b7d78035e14a06c3.jpg
Nvidia GeForce RTX 3070 Twin Fan,Electronics,$400,https://images.offerup.com/WnbEkewcGhyh2RFSddvdxWZaX0o=/250x250/d367/d36735b3d0c940cbb1454863271e9bff.jpg
Dark Brown Corduroy/Suede Overalls,Clothing,$21.70,https://media-photos.depop.com/b1/32690501/2725946051_37615093b2504f85b814a5423eabe9cd/P8.jpg
Vintage Crystal Point Whiskey Decanter,Home & Garden,$70,https://images.offerup.com/cdxtJlxYp8tWGcwC6j3OHAndsuI=/250x250/e9fb/e9fb34dc5d874bfb98c9c3e0443a0d86.jpg
PlayStation Portal,Electronics,$140,https://images.offerup.com/vbHdk8BZnZGJjniX7ISibUZsuGs=/250x250/2d80/2d80b72375634730aadc8edd6c9558e3.jpg
Red and Yellow Cactus Jack,Clothing,$32.20,https://media-photos.depop.com/b1/36352103/2832175194_25c996b8cb9b4639a11717cd284b1085/P8.jpg
Antique Early American Decanter,Home & Garden,$40,https://images.offerup.com/wbxzzpGUqJFjjVJd5tQGmKu6iK4=/250x250/b8cc/b8ccc36998d2443f8dec07e28e0ef93b.jpg
HP OMEN 17 Gaming Laptop – i7‑12700H,Electronics,$795,https://images.offerup.com/0Rf-aYHEmuSbmouVF58TzgwDoqw=/250x250/0ef1/0ef1775cdeb7449bbd2415bd02b03588.jpg
Pink Y2K Zip Up Hoodie,Clothing,$28.00,https://media-photos.depop.com/b1/442163369/2809940338_afc9dd8bed5d42dda16c0ab0dd748031/P8.jpg
Two-dollar Bill,Other,$155,https://images.offerup.com/pgiW7xVKf_65XifAGr0qQixch1A=/250x250/0f7e/0f7e9bdb7a9e43608e6f7070edf2dff9.jpg
Tv For Sale,Electronics,$100,https://images.offerup.com/Gy1vKqYwuazczaNEPnNua2dQ2OM=/250x250/57db/57dbb06b29004308a2639c28fa95d0c3.jpg
Vintage Viking Glass MCM Diamond Base Green Ashtray,Home & Garden,$40,https://images.offerup.com/mwwSq9VY2Kdfd2Jb3yJKvuqmjhI=/250x250/4863/4863fa1edca7411ba574ab6b653110fd.jpg
Grey American Eagle Cropped Sweater,Clothing,$22.75,https://media-photos.depop.com/b1/34345879/2815453877_5c66937094204602bc8332a6632a59dc/P8.jpg
Signs For Sale!!,Other,$123,https://images.offerup.com/bHz1ZEw1pe4Dh5qDW2EnBxnuNf4=/250x250/04b6/04b665d59a134d29915e08d64efc7c65.jpg
Nintendo Advanced Game boy Blue Shell,Electronics,$210,https://images.offerup.com/xnwvkn1GzULtBbX8lnF8gG8lxM8=/250x250/6d9d/6d9d11e11d264fd38810ce7f729a8d8e.jpg
Vintage Rain Defender Carharrt Sweatshirt,Clothing,$37.44,https://media-photos.depop.com/r1/246081569/2888845980_8c101b70bfd94bb6b704c0f0a7789dbd/P8.jpg
Sewing Machine,Other,$25,https://images.offerup.com/R-pU_RohtGkzggfsROtBfd3SYjA=/250x250/f945/f945d753e22f4b3ab6afe20af233a3bb.jpg
Chromebook,Electronics,$150,https://images.offerup.com/5nbDWO_Uqo5L_vnnQFaoyc4hJgU=/250x250/f23f/f23f4cc6f487465f888d0f256306a3e9.jpg
White Baby Doll Dress,Clothing,$26.95,https://media-photos.depop.com/b1/13075400/2782845791_c48881e5959c4a059d28cdc49f409069/P8.jpg
Rare Vintage Ashtray,Home & Garden,$25,https://images.offerup.com/D_TQ2V7u_X_1dojkw3IVCEVMqeU=/250x250/4138/4138b5062559479991b4c7f7c2bae816.jpg
Airpods Gen 2 (I think),Electronics,$55,https://images.offerup.com/2eznWi0EOsSd4uOXvA31NhiIt08=/250x250/f378/f378d536bf6b4ffdb891e18998860dfa.jpg
Blue and White Subway Button Up,Clothing,$32.20,https://media-photos.depop.com/b1/47294250/2783757753_afb132953fdf4df2883d5d51f92ea384/P8.jpg
Mid century Lamp,Home & Garden,$85,https://images.offerup.com/G_Pb6p-RvL1UJ7bPt0j_ikHxraQ=/250x250/5c69/5c69e47917b442a0bbd5b93544c8f417.jpg
Kingston Fury impact 64GB DDR5 Laptop Memory,Electronics,$150,https://images.offerup.com/wLDxHnV8cgbakAwfz3g-Mt66IG4=/250x250/1b5b/1b5bd18bdb2a4f878ba3106d7be1f45b.jpg
Aritzia Demin Forum Jeans,Clothing,$26.95,https://media-photos.depop.com/b1/29405584/2886679646_a5523abc80984e93929773ba8f609d6f/P8.jpg
Pokemon Card Holder,Accessories,$10,https://images.offerup.com/cIiNQElTT2Me-fRb-9CK53-NLr8=/250x250/6d3f/6d3ffffca07844d5a0b7c690f5516df4.jpg
whole pc setup,Electronics,$300,https://images.offerup.com/o0xfp42K6J_uzJ0YqwTYwivHDDY=/250x250/54c3/54c32199610040a99c586bbd552864a4.jpg
Grey and White Sweater,Clothing,$9.10,https://media-photos.depop.com/b1/331372473/2728411912_40dd71e37f1a4cf2b7aed1910742e042/P8.jpg
Donald Duck,Other,$15,https://images.offerup.com/2cfB4BhR5oR_cQ8txH7yydfNyjg=/250x250/e9cf/e9cf027316284b9587e404b668ceea15.jpg
AMD Radeon Rx 7600,Electronics,$300,https://images.offerup.com/Y3GwDRrm9CljYl4Kb80xpOl95e8=/250x250/f9da/f9daeaa957f941b3a7c64f5ad499b992.jpg
Grey Carhartt Short Sleeve Pocket,Clothing,$8.05,https://media-photos.depop.com/b1/416177590/2696395405_2e542516246640718b8f818033ee2b66/P8.jpg
Paint Set,Other,$50,https://images.offerup.com/BoXqpLu0IjXrK7bAoYbV3CpfBKE=/250x250/32d2/32d26d1197fe44cea0b5aefc7e39d251.jpg
AirPods,Electronics,$75,https://images.offerup.com/eqN5IXnJOBraNso5F0wDgyZDQhk=/250x250/4e04/4e04f9492dac4236a835b7eba49d1fe9.jpg
Iron Horse Embroidered Biker Button,Clothing,$16.45,https://media-photos.depop.com/b1/38968411/2764908811_ef3fa830ec374cd28eb5bd58c073af66/P8.jpg
Pictures,Home & Garden,$15,https://images.offerup.com/anmtBOCE-tVcgGXkYyJ5fpamLa8=/250x250/d8c6/d8c60a6740df474ab71c61ee8e47c291.jpg
Jbl,Electronics,$30,https://images.offerup.com/gICq3-mDWrUbGIP3cQrUZOMeNeE=/250x250/a8d3/a8d3566bf7fa48df969ad4077226d503.jpg
Vintage Tommy Hilfiger Men's Sweater,Clothing,$19.60,https://media-photos.depop.com/b1/234707589/2900409040_0f0b05b3606244039efccfe155cfc9d4/P8.jpg
Decorative picture,Home & Garden,$10,https://images.offerup.com/FDBnVeIVqw-DNAwNi7Nh1bO-Nc0=/250x250/03b3/03b37457ed004cf3954c20cda19ec3fa.jpg
Blue Jerzees Brand Duck Donuts,Clothing,$26.95,https://media-photos.depop.com/b1/379388823/2881894382_da8406bcc12d42b69c3c81fb25c0ab04/P8.jpg
Xbox 360 (console Only),Electronics,$90,https://images.offerup.com/IUD425hlUPLHaSCw7GDwiHxrIIo=/250x250/71f4/71f43590007d4f4ca349f064613d177d.jpg
18 K Gold Plated Lighter,Accessories,$200,https://images.offerup.com/63oGrqYJrHh4Jpy1duuhVdTLxl8=/250x250/7deb/7deb7bb9428f4f688585f5359cc5bb02.jpg
Streetwear T-Shirt Y2K Hip,Clothing,$22.53,https://media-photos.depop.com/b1/423289419/2812700577_19b4c7c4883b439797acc48a55e89f0a/P8.jpg
Vintage Royal Doulton Coralie,Home & Garden,$30,https://images.offerup.com/HzL1fpKHa5HJ3fXSRxp_ZM1PJMM=/250x250/b928/b928e7c7edc246a6b6f5489b4be45a49.jpg
White Lace Tank Top,Clothing,$3.85,https://media-photos.depop.com/b1/48237671/2813938838_e1cc136eeac544b9a09640848bff36c8/P8.jpg
1942 wheat Penny,Other,$50,https://images.offerup.com/dk0lPfBY6PFF9zdn-zuzAHI_N6E=/250x250/9bf6/9bf63b9a8c18497da929bda6e8d2cb07.jpg
AirPod Pro 3,Electronics,$200,https://images.offerup.com/ywWPgIUaTpx_E6oBxiBawySOEGg=/250x250/82e0/82e0b2301f8a4381adbd99e16c7b7f6b.jpg
Cream Hollister Button Up Shirt,Clothing,$16.45,https://media-photos.depop.com/b1/3581175/2810809375_c696e69c69c04902a7654a9baa17dbe6/P8.jpg
Elephant Art,Other,$20,https://images.offerup.com/sq_HypF-AgCNQi42Pyuowtnr86g=/250x250/9d0b/9d0be4989657422d9db9062a38c40347.jpg
Samsung Watch,Electronics,$30,https://images.offerup.com/02UKoswzQpy_MiMnwB4gXFVwyjI=/250x250/5e87/5e87e9765a954d7baaf28e1d6ed9ef0d.jpg
A Saint Apparel Custon,Clothing,$42.70,https://media-photos.depop.com/b1/50808059/repop_45845455_2809961358/2869279307_d01c437153634147b42e64051c742bec/P8.jpg
Lot Of 21 1997 Upper Deck Team Logo Stickers,Other,$15,https://images.offerup.com/4hB7GcK2Jk4BEYqFwySnDX8cjJo=/250x250/91ac/91ac807125294c54b54f89c6f32711f1.jpg
whole pc setup,Electronics,$300,https://images.offerup.com/o0xfp42K6J_uzJ0YqwTYwivHDDY=/250x250/54c3/54c32199610040a99c586bbd552864a4.jpg
Green Distressed Crop Top,Clothing,$5.95,https://media-photos.depop.com/b1/23147112/2887068775_c78e68496a1b49d3aa8c28107863b366/P8.jpg
Memorabilia,Other,$100,https://images.offerup.com/TBtSLbCSDGj--jWjvyy_zzkzuEs=/250x250/10f9/10f93c0eed754f9c9307f29a7c10e93b.jpg
65” Samsung Smart Tv,Electronics,$350,https://images.offerup.com/270ZYV8cqhYboxecLFxDDHBW3pc=/250x250/db12/db129982aef641beb2bf2d0fbcf94858.jpg
AirPods,Electronics,$75,https://images.offerup.com/eqN5IXnJOBraNso5F0wDgyZDQhk=/250x250/4e04/4e04f9492dac4236a835b7eba49d1fe9.jpg
Collectable,Other,$100,https://images.offerup.com/AJ87Zd2Bd2KffiHl4k2xLsxiIbw=/250x250/efe5/efe5ead795d54934b01d8d84b9b65ecc.jpg
Vintage Tommy Hilfiger Men's Sweater,Clothing,$19.60,https://media-photos.depop.com/b1/234707589/2900409040_0f0b05b3606244039efccfe155cfc9d4/P8.jpg
Signs For Sale!!,Other,$123,https://images.offerup.com/0HjFsnTtq8y8_J4OZcLr4PnFEwQ=/250x250/5a1a/5a1abecab9854ee78e3fd823c10cd66b.jpg
AMD Radeon Rx 7600,Electronics,$300,https://images.offerup.com/Y3GwDRrm9CljYl4Kb80xpOl95e8=/250x250/f9da/f9daeaa957f941b3a7c64f5ad499b992.jpg
Super Nice Vintage Red Disney,Clothing,$79.45,https://media-photos.depop.com/b1/424055931/2803096469_c67a5fae076446a181b6e81047290515/P8.jpg
1970s VINTAGE WOODEN WRITING DESK,Home & Garden,$75,https://images.offerup.com/vkVeBOCzS_8Hy3UM-oN0PThhSWc=/250x250/be1b/be1b3996059a4d3ba4b24518bff76696.jpg
Vizio 55 Inch Tv,Electronics,$125,https://images.offerup.com/q8mVKQxv7x0YO0-QbHkPyZm317w=/250x250/3f1a/3f1aa6da014d4008b9183f38eb5103fa.jpg
Grey Aeropostale V-Neck Long Sleeve,Clothing,$9.10,https://media-photos.depop.com/b1/385959385/2826767459_c957b4558aea46eea6f8cb0b69621a92/P8.jpg
Antique Knight Box 1838,Other,$60,https://images.offerup.com/kIoZgjJVk9XM7thGSzapQiMHnnA=/250x250/ee2b/ee2b9279428f4265834e982a0acb1ed3.jpg
Dexter T444-5 Signature Vanderbilt Brown,Shoes,$31.15,https://media-photos.depop.com/b1/50845589/2884210722_0f3476caa2bb43d28956fbe3851e4812/P8.jpg
Hippie Frog Painting 40x40,Other,$65,https://images.offerup.com/rRAoS04kMxupKJVRjPlkcgg793Y=/250x250/cb6b/cb6bc0d28fd24abfb4c7501753bf808a.jpg
Black Zara Maxi Dress,Clothing,$33.25,https://media-photos.depop.com/b1/48840047/2887883888_01a50e1577b54971ae3422a4d2a7d5bd/P8.jpg
Blue Jerzees Brand Duck Donuts,Clothing,$26.95,https://media-photos.depop.com/b1/379388823/2881894382_da8406bcc12d42b69c3c81fb25c0ab04/P8.jpg
Cedar Chest,Home & Garden,$80,https://images.offerup.com/SZrkyEk1pWQmkOsjO7EiYTK1ayY=/250x250/d712/d712b8d3d06f48f0b7922396daef6468.jpg
3D Printer Creality K1SE,Electronics,$100,https://images.offerup.com/a8fyLF1mkLUfqINrOMn-tQ1-Img=/250x250/d14a/d14a520e0d404b39b9cdf3ee7ca2a886.jpg
Hagen Renaker Hereford Steer,Other,$125,https://images.offerup.com/lCDD9ZEenlV7n7xpUPWsOsKb6I4=/250x250/e998/e998c7bc3ee94b218a2d441807fda03f.jpg
Tan Carhartt Overalls Workwear Streetwear,Clothing,$22.75,https://media-photos.depop.com/b1/36278706/2844833585_ae3655865615425395f2a8c7a77e1dc6/P8.jpg
Ring Door Bell,Electronics,$45,https://images.offerup.com/-OILsE_N7X2T4LniHGmW_iDiRcc=/250x250/dc43/dc434b4be2254faa8f5e1915dbf570fc.jpg
Pink Y2K Zip Up Hoodie,Clothing,$28.00,https://media-photos.depop.com/b1/442163369/2809940338_afc9dd8bed5d42dda16c0ab0dd748031/P8.jpg
H&M Saint Lucia Crop Top,Clothing,$7.00,https://media-photos.depop.com/b1/313907966/2887157585_51b7f7d92206416b817f4218f714933d/P8.jpg
Christmas Sticker Labels,Other,$5,https://images.offerup.com/qjhzQ4OWrzVJKipHGELfuVm0LIU=/250x250/8ee7/8ee7340e3d9c4b30a0e4aaccb1cc2b4b.jpg
iPhone XR Phone Case,Accessories,$10,https://images.offerup.com/RgbPsYD-pJhPepVS6w7-7_eBav0=/250x250/9517/951731624fa24cb093f94344f716ab33.jpg
Burgundy Vintage '90s Sweater Vest,Clothing,$12.25,https://media-photos.depop.com/r1/41936926/2769264575_a566ec5beed74ecca99b5c7e3fe86b7d/P8.jpg
1920 SLANT FRONT FEDERAL SECRETARY WRITING DESK,Home & Garden,$75,https://images.offerup.com/-M8-eaWbBtB9pebdTJG4Pfi8COQ=/250x250/27a6/27a6ec6de65a412c9f73f0de9e78f2e9.jpg
Instax Mini 8,Electronics,$65,https://images.offerup.com/WYTPW82ztdG3VgFggF5fWQ0twGk=/250x250/b005/b005f93fb3ee4615ac79424f09d24ad8.jpg
Vintage Earthenware Bowl from France,Home & Garden,$40,https://images.offerup.com/-gx2iOEErvvs3F7uTTngd6PEb7w=/250x250/1201/1201b14979564b8dbdc4c2ccea65aa88.jpg
PS4 With 3 Controllers And Game,Electronics,$250,https://images.offerup.com/AAcO7DA1YB7fWLh9GxsEkJ9u8jo=/250x250/49d9/49d9c1e244f14c07982f1b79a23a9c6c.jpg
Hand Carved Wooden Mushroom Walking Stick / Cane,Other,$60,https://images.offerup.com/QtIeE7nsxY2YcJTQm-skaJEU2vE=/250x250/9875/9875c00ae3584763a12763a7333030e3.jpg
Subwoofers With Amp,Electronics,$450,https://images.offerup.com/jJi-m-uPqRiKtISQZ83mBr70m7M=/250x250/4ab4/4ab472599a9c4b02a6048c4a8960bfc3.jpg
Decorative picture,Home & Garden,$10,https://images.offerup.com/FDBnVeIVqw-DNAwNi7Nh1bO-Nc0=/250x250/03b3/03b37457ed004cf3954c20cda19ec3fa.jpg
Vintage Crystal Bowl,Home & Garden,$30,https://images.offerup.com/4WPHFmORT-Nl4d-dOtzpRXrjin0=/250x250/b00a/b00aed825b894a2c80c000766a5a59cf.jpg
Nintendo Switch (broken Joystick),Electronics,$150,https://images.offerup.com/yb31pAS0dWVrUeJKcgdGaE-ZU9A=/250x250/8e56/8e56f6d209134672a561a80070d3be6d.jpg
Vtg Ricardo Nickel Silver Cowboy Horse Rodeo Bronc Rider Western Belt Buckle,Accessories,$75,https://images.offerup.com/7XoB_bWoc2hwHqJJ9vRrDVUlPeE=/250x250/1fe3/1fe3ecbe8ce0486f98c9ba4521671b9f.jpg
Dexter T444-5 Signature Vanderbilt Brown,Shoes,$31.15,https://media-photos.depop.com/b1/50845589/2884210722_0f3476caa2bb43d28956fbe3851e4812/P8.jpg
Old Vintage Camera,Electronics,$100,https://images.offerup.com/uu4XxGL1EZeskaHiPViZvnXcmTk=/250x250/a0c0/a0c08b0e0b7b455782621001b60b25e4.jpg
Vintage Royal Doulton Coralie,Home & Garden,$30,https://images.offerup.com/HzL1fpKHa5HJ3fXSRxp_ZM1PJMM=/250x250/b928/b928e7c7edc246a6b6f5489b4be45a49.jpg
Vintage Royal Doulton Victoria In Mint Condition,Other,$45,https://images.offerup.com/RQwwD54cLRSyVI7ooYydPW8PmX8=/250x250/a26d/a26d5f300fa04b8ca091c6c995113e5f.jpg
HP OMEN 17 Gaming Laptop – i7‑12700H,Electronics,$795,https://images.offerup.com/0Rf-aYHEmuSbmouVF58TzgwDoqw=/250x250/0ef1/0ef1775cdeb7449bbd2415bd02b03588.jpg
Red and Yellow Cactus Jack,Clothing,$32.20,https://media-photos.depop.com/b1/36352103/2832175194_25c996b8cb9b4639a11717cd284b1085/P8.jpg
Craftsman Garage Door Entry,Electronics,$30,https://images.offerup.com/1eFFA_2E4_1IJW16--66Mo-EQI4=/250x250/f2e7/f2e7c937a775442389e40c2af257bfba.jpg
Touch Screen,Electronics,$450,https://images.offerup.com/Yi-bbttGQNaw351dBNqbdsYjX78=/250x250/8953/8953e0beba42427cb86839a04ebdf0c5.jpg
Grey Aeropostale V-Neck Long Sleeve,Clothing,$9.10,https://media-photos.depop.com/b1/385959385/2826767459_c957b4558aea46eea6f8cb0b69621a92/P8.jpg
Antique Knight Box 1838,Other,$60,https://images.offerup.com/kIoZgjJVk9XM7thGSzapQiMHnnA=/250x250/ee2b/ee2b9279428f4265834e982a0acb1ed3.jpg
Longaberger Baskets With Lids,Home & Garden,$25,https://images.offerup.com/HxvXc9-WEiXkWgGzbg74_7KSE_c=/250x250/41cc/41ccbcae1a7a41d68e42be529e2f4911.jpg
asus Monitor,Electronics,$100,https://images.offerup.com/hNNgkmy4BRE0Hoq5DYfTfp0EQzw=/250x250/f068/f068da196fd343dc9c4709b83f612965.jpg
Christmas Wrapping Paper,Other,$10,https://images.offerup.com/9V7kiZ7ns5pNH4HPgUgicJYLVgw=/250x250/1724/17246efb34e440bda8f921f9f9d13490.jpg
Apple Airpods Pro 2,Electronics,$25,https://images.offerup.com/YcgABBtAUqIz0ZCT6k09_sHEPVg=/250x250/13d3/13d3f6f0387b4e0fbf2ef03bc8ab993a.jpg
Ornamental Clock,Other,$50,https://images.offerup.com/zlqMf_86qoItGqiQmztBRR-gF_k=/250x250/01a2/01a2ae8a1a46434ca8944cb441662fe9.jpg
Asus Dual Band Router AC-1300 RT-ACRH13,Electronics,$20,https://images.offerup.com/xCUqiaXEwH3DRVUAhW7n_X-_fyE=/250x250/d567/d567a33affeb4d82b3c696457c4edb67.jpg
Grey American Eagle Cropped Sweater,Clothing,$22.75,https://media-photos.depop.com/b1/34345879/2815453877_5c66937094204602bc8332a6632a59dc/P8.jpg
Aritzia Demin Forum Jeans,Clothing,$26.95,https://media-photos.depop.com/b1/29405584/2886679646_a5523abc80984e93929773ba8f609d6f/P8.jpg
Pokemon Card Holder,Accessories,$10,https://images.offerup.com/cIiNQElTT2Me-fRb-9CK53-NLr8=/250x250/6d3f/6d3ffffca07844d5a0b7c690f5516df4.jpg